comparison,auc_1,auc_2,delta_auc,t_statistic,p_value,significant
1-feature vs 2-feature,0.6386889773864752,0.7892005769176785,0.1505115995312033,249.83307891424352,1.5399446252210363e-09,True
2-feature vs 4-feature,0.7892005769176785,0.8677560466168579,0.07855546969917937,264.2533350715011,1.2303477541084828e-09,True
4-feature vs 6-feature,0.8677560466168579,0.9060012007536267,0.038245154136768766,111.77197145449095,3.8422700653901755e-08,True
6-feature vs 11-feature,0.9060012007536267,0.9407258794434974,0.034724678689870725,94.83707490916457,7.411682478342903e-08,True
