benchmark,combined_train_auc,combined_test_auc,n_samples,roberta-base-openai_test_auc,roberta-large-openai_test_auc,chatgpt-detector_test_auc,stylometric_test_auc,lr_coef_roberta-base-openai,lr_coef_roberta-large-openai,lr_coef_chatgpt-detector,lr_coef_stylometric
MAGE,0.8388511782786885,0.7559663865546218,1000,0.7313005202080833,0.7181432573029212,0.5755582232893157,0.679343737494998,0.2594266942131106,2.8096423830693626,0.08367492776458478,2.8736541300511824
HC3,0.9999257209708269,0.9931797853309482,1000,0.9760919797257007,0.9463141025641025,0.9986583184257602,0.7174176356589146,2.315229033630514,1.2705439825131313,5.20727122186172,0.3474369065964755
TuringBench,0.9215962686437285,0.9116840277777778,1000,0.6905555555555555,0.9124826388888889,0.6364583333333333,0.4438715277777777,-0.3883601055583865,5.418797485320275,0.001468742854741416,-2.47924449179719
