benchmark,auc,accuracy,n_samples
HC3,0.7083557320222695,0.6812812812812813,4995
