strategy,auc,auc_delta,n_ai,n_human
clean (baseline),0.9416764467279609,0.0,1849,2000
remove_connectors,0.9340398864250947,-0.007636560302866191,1849,2000
synonym_swap,0.9402888047593293,-0.0013876419686316144,1849,2000
vary_length,0.9399763385613845,-0.0017001081665763973,1849,2000
punctuation,0.9386906435911304,-0.0029858031368305005,1849,2000
first_person,0.9398002695417791,-0.0018761771861818266,1855,2000
combined,0.9324212513484358,-0.009255195379525127,1854,2000
