benchmark,semantic_auc,stylometric_auc,hybrid_auc,n_samples
MAGE,0.5306687437601956,0.69546577013573,0.6613802907578782,5000
HC3,0.8271388986251001,0.7080739459724785,0.8532571116592782,5000
TuringBench,0.5152338841595498,0.46522095109067163,0.4348207679323097,5000
