benchmark,auc,accuracy,n_samples
MAGE,0.7202125828901188,0.641,1000
HC3,0.9781333854188466,0.945,1000
TuringBench,0.6473650589477619,0.519,1000
