benchmark,roberta_test_auc,stylometric_test_auc,combined_test_auc,lr_coef_roberta,lr_coef_stylometric,n_samples
MAGE,0.7218247298919568,0.679343737494998,0.7634413765506205,1.5655798150329336,2.883932077484365,1000
HC3,0.9750298151460942,0.7174176356589146,0.9724582587954681,5.759682411600272,0.594542122423608,1000
TuringBench,0.6661631944444444,0.4438715277777777,0.6883159722222222,1.214617068437959,-1.9998987169301705,1000
