benchmark,auc,accuracy,n_samples
TuringBench,0.4690698742378789,0.5303060612122424,4999
